{"0": [0.008444444444444444, 1.0110135119700292, 0.05994690774244639], "3": [0.022666666666666665, 0.3766520926947168, 0.10916998806660011], "5": [0.03288888888888889, 0.2595845503706832, 0.07758078879660911], "8": [0.04822222222222222, 0.1770438408058116, 0.03243705374921773], "10": [0.05844444444444445, 0.14607799792722856, 0.017805296459125475], "15": [0.08399999999999999, 0.10163627898111405, 0.005054918164968319]}